cohort_month,months_since_signup,revenue,paying_customers,txn_count,cohort_size,revenue_per_customer
2022-01,0,5062.17,20,28,93,54.43
2022-01,1,11799.21,46,52,93,126.87
2022-01,2,10923.61,40,55,93,117.46
2022-01,3,9767.39,44,56,93,105.03
2022-01,4,13384.85,46,64,93,143.92
2022-01,5,13010.91,48,59,93,139.9
2022-01,6,12210.97,41,59,93,131.3
2022-01,7,8655.31,40,50,93,93.07
2022-01,8,9607.55,41,56,93,103.31
2022-01,9,14686.95,41,56,93,157.92
2022-01,10,18285.86,35,51,93,196.62
2022-01,11,14760.57,39,51,93,158.72
2022-01,12,17382.69,49,61,93,186.91
2022-01,13,13000.64,45,55,93,139.79
2022-01,14,16414.88,44,57,93,176.5
2022-01,15,15831.13,45,60,93,170.23
2022-01,16,6670.86,41,49,93,71.73
2022-01,17,15432.26,39,49,93,165.94
2022-01,18,11242.36,45,71,93,120.89
2022-01,19,11231.75,47,65,93,120.77
2022-01,20,18921.49,51,74,93,203.46
2022-01,21,16166.45,36,53,93,173.83
2022-01,22,9961.82,42,52,93,107.12
2022-01,23,12264.07,50,72,93,131.87
2022-01,24,15992.85,47,76,93,171.97
2022-01,25,12559.92,46,60,93,135.05
2022-01,26,14237.31,42,59,93,153.09
2022-01,27,12018.83,38,53,93,129.23
2022-01,28,6597.61,29,35,93,70.94
2022-01,29,7776.71,34,39,93,83.62
2022-01,30,7127.36,46,54,93,76.64
2022-01,31,8672.15,41,61,93,93.25
2022-01,32,12084.48,39,51,93,129.94
2022-01,33,13599.07,45,59,93,146.23
2022-01,34,12020.9,43,58,93,129.26
2022-01,35,14591.28,32,42,93,156.9
2022-01,36,12096.8,46,62,93,130.07
2022-01,37,10158.28,36,49,93,109.23
2022-01,38,19430.32,42,66,93,208.93
2022-01,39,7565.18,41,47,93,81.35
2022-01,40,17414.69,39,57,93,187.25
2022-01,41,16295.9,53,69,93,175.22
2022-01,42,9241.48,43,59,93,99.37
2022-01,43,9006.24,43,53,93,96.84
2022-01,44,10266.72,32,44,93,110.39
2022-01,45,14527.05,43,53,93,156.2
2022-01,46,6968.71,36,49,93,74.93
2022-01,47,15540.54,47,70,93,167.1
2022-02,0,5817.09,27,33,97,59.97
2022-02,1,11269.98,45,62,97,116.19
2022-02,2,9908.56,44,60,97,102.15
2022-02,3,21822.3,50,79,97,224.97
2022-02,4,12956.19,46,63,97,133.57
2022-02,5,19953.17,46,67,97,205.7
2022-02,6,14898.99,47,57,97,153.6
2022-02,7,9628.03,43,56,97,99.26
2022-02,8,9163.66,38,54,97,94.47
2022-02,9,15117.08,48,61,97,155.85
2022-02,10,14486.11,43,56,97,149.34
2022-02,11,15754.6,46,60,97,162.42
2022-02,12,12556.65,44,60,97,129.45
2022-02,13,16763.56,46,53,97,172.82
2022-02,14,15370.86,48,66,97,158.46
2022-02,15,19096.02,45,65,97,196.87
2022-02,16,14461.51,41,51,97,149.09
2022-02,17,15428.34,43,66,97,159.06
2022-02,18,13982.68,50,65,97,144.15
2022-02,19,8552.19,37,41,97,88.17
2022-02,20,18356.61,45,66,97,189.24
2022-02,21,16678.79,46,61,97,171.95
2022-02,22,11852.14,45,62,97,122.19
2022-02,23,13964.95,48,68,97,143.97
2022-02,24,19688.13,47,59,97,202.97
2022-02,25,10949.14,38,51,97,112.88
2022-02,26,17562.27,48,67,97,181.05
2022-02,27,12592.85,45,63,97,129.82
2022-02,28,16742.14,41,56,97,172.6
2022-02,29,16866.05,45,60,97,173.88
2022-02,30,11276.69,46,52,97,116.25
2022-02,31,21292.8,39,64,97,219.51
2022-02,32,23383.76,42,66,97,241.07
2022-02,33,12123.94,38,50,97,124.99
2022-02,34,10997.38,46,58,97,113.38
2022-02,35,14343.04,42,58,97,147.87
2022-02,36,10111.52,39,49,97,104.24
2022-02,37,10551.59,40,49,97,108.78
2022-02,38,10789.35,49,75,97,111.23
2022-02,39,12758.56,36,55,97,131.53
2022-02,40,16082.28,42,63,97,165.8
2022-02,41,12086.26,44,54,97,124.6
2022-02,42,15042.33,48,64,97,155.08
2022-02,43,11185.98,45,59,97,115.32
2022-02,44,11716.58,33,51,97,120.79
2022-02,45,8803.84,41,59,97,90.76
2022-02,46,8256.15,35,46,97,85.11
2022-03,0,8444.03,28,35,112,75.39
2022-03,1,21847.47,55,75,112,195.07
2022-03,2,17438.6,60,79,112,155.7
2022-03,3,17850.99,49,61,112,159.38
2022-03,4,18761.6,51,73,112,167.51
2022-03,5,23801.94,61,74,112,212.52
2022-03,6,18240.78,51,68,112,162.86
2022-03,7,13847.86,47,66,112,123.64
2022-03,8,21356.7,46,59,112,190.68
2022-03,9,22905.84,54,76,112,204.52
2022-03,10,27584.4,65,88,112,246.29
2022-03,11,16607.64,49,60,112,148.28
2022-03,12,17578.92,54,72,112,156.95
2022-03,13,24527.81,53,71,112,219.0
2022-03,14,17628.55,51,66,112,157.4
2022-03,15,19485.72,48,66,112,173.98
2022-03,16,14922.18,42,57,112,133.23
2022-03,17,16224.39,50,74,112,144.86
2022-03,18,14972.94,54,69,112,133.69
2022-03,19,20538.62,54,67,112,183.38
2022-03,20,13163.15,47,56,112,117.53
2022-03,21,14183.61,51,67,112,126.64
2022-03,22,23925.43,54,71,112,213.62
2022-03,23,23394.12,51,74,112,208.88
2022-03,24,19107.01,50,71,112,170.6
2022-03,25,23967.27,58,79,112,213.99
2022-03,26,25582.74,58,82,112,228.42
2022-03,27,17235.01,52,70,112,153.88
2022-03,28,16306.59,47,57,112,145.59
2022-03,29,23325.65,56,83,112,208.26
2022-03,30,23296.13,53,66,112,208.0
2022-03,31,17098.78,52,78,112,152.67
2022-03,32,19183.97,64,88,112,171.29
2022-03,33,18255.25,56,82,112,162.99
2022-03,34,16780.64,58,73,112,149.83
2022-03,35,16836.49,50,62,112,150.33
2022-03,36,15516.61,50,61,112,138.54
2022-03,37,18393.19,59,74,112,164.22
2022-03,38,15906.29,47,70,112,142.02
2022-03,39,15303.56,55,71,112,136.64
2022-03,40,21404.02,55,75,112,191.11
2022-03,41,27013.65,55,85,112,241.19
2022-03,42,15836.25,40,53,112,141.4
2022-03,43,16602.33,57,70,112,148.24
2022-03,44,18224.26,51,77,112,162.72
2022-03,45,14659.64,49,64,112,130.89
2022-04,0,7232.67,22,30,88,82.19
2022-04,1,23588.03,46,66,88,268.05
2022-04,2,14261.09,47,59,88,162.06
2022-04,3,16688.83,37,53,88,189.65
2022-04,4,17132.61,43,54,88,194.69
2022-04,5,17063.95,41,51,88,193.91
2022-04,6,16900.05,36,53,88,192.05
2022-04,7,15442.62,41,56,88,175.48
2022-04,8,13153.43,37,52,88,149.47
2022-04,9,18754.51,37,45,88,213.12
2022-04,10,17708.75,32,41,88,201.24
2022-04,11,15415.76,36,45,88,175.18
2022-04,12,14775.69,30,42,88,167.91
2022-04,13,12143.63,39,48,88,138.0
2022-04,14,14005.13,35,42,88,159.15
2022-04,15,16552.11,36,51,88,188.09
2022-04,16,12773.05,36,49,88,145.15
2022-04,17,20211.39,37,50,88,229.67
2022-04,18,8332.97,36,44,88,94.69
2022-04,19,10669.37,38,49,88,121.24
2022-04,20,22741.03,47,65,88,258.42
2022-04,21,18570.98,35,45,88,211.03
2022-04,22,17014.38,38,53,88,193.35
2022-04,23,15997.88,45,64,88,181.79
2022-04,24,17938.81,40,54,88,203.85
2022-04,25,25852.26,36,57,88,293.78
2022-04,26,28738.22,42,66,88,326.57
2022-04,27,18790.13,40,53,88,213.52
2022-04,28,16804.19,36,47,88,190.96
2022-04,29,11563.75,29,42,88,131.41
2022-04,30,13958.14,39,49,88,158.62
2022-04,31,13163.25,35,49,88,149.58
2022-04,32,11918.68,29,36,88,135.44
2022-04,33,30855.26,46,66,88,350.63
2022-04,34,20412.33,34,45,88,231.96
2022-04,35,23388.63,39,58,88,265.78
2022-04,36,17723.46,42,56,88,201.4
2022-04,37,14940.11,38,49,88,169.77
2022-04,38,18512.04,37,44,88,210.36
2022-04,39,12864.37,39,51,88,146.19
2022-04,40,21306.73,35,50,88,242.12
2022-04,41,25721.02,38,54,88,292.28
2022-04,42,16672.72,45,62,88,189.46
2022-04,43,16289.38,42,58,88,185.11
2022-04,44,19247.64,40,55,88,218.72
2022-05,0,11899.35,37,48,130,91.53
2022-05,1,20135.42,69,85,130,154.89
2022-05,2,23563.91,59,79,130,181.26
2022-05,3,20028.67,66,81,130,154.07
2022-05,4,24546.17,59,78,130,188.82
2022-05,5,16229.13,71,92,130,124.84
2022-05,6,17973.59,62,82,130,138.26
2022-05,7,14862.31,65,89,130,114.33
2022-05,8,16591.43,61,83,130,127.63
2022-05,9,16977.31,57,77,130,130.59
2022-05,10,19988.5,74,94,130,153.76
2022-05,11,15268.12,54,75,130,117.45
2022-05,12,18376.63,72,91,130,141.36
2022-05,13,15973.97,61,75,130,122.88
2022-05,14,18134.51,65,85,130,139.5
2022-05,15,13939.08,53,69,130,107.22
2022-05,16,21345.53,62,82,130,164.2
2022-05,17,14112.49,56,78,130,108.56
2022-05,18,14326.63,55,74,130,110.2
2022-05,19,14390.3,56,70,130,110.69
2022-05,20,16678.07,55,75,130,128.29
2022-05,21,13836.25,57,81,130,106.43
2022-05,22,16799.83,48,69,130,129.23
2022-05,23,14401.06,56,83,130,110.78
2022-05,24,15490.97,60,70,130,119.16
2022-05,25,19403.3,54,69,130,149.26
2022-05,26,19454.45,55,69,130,149.65
2022-05,27,18138.46,65,87,130,139.53
2022-05,28,14700.6,48,69,130,113.08
2022-05,29,10145.55,43,66,130,78.04
2022-05,30,20798.65,65,80,130,159.99
2022-05,31,18384.79,58,88,130,141.42
2022-05,32,13774.95,59,78,130,105.96
2022-05,33,13893.81,49,62,130,106.88
2022-05,34,17574.23,59,83,130,135.19
2022-05,35,21161.85,63,75,130,162.78
2022-05,36,11939.66,56,76,130,91.84
2022-05,37,17759.7,49,65,130,136.61
2022-05,38,13450.05,57,77,130,103.46
2022-05,39,19261.73,49,65,130,148.17
2022-05,40,15699.29,47,64,130,120.76
2022-05,41,16183.76,59,70,130,124.49
2022-05,42,17723.68,57,76,130,136.34
2022-05,43,17485.08,46,70,130,134.5
2022-06,0,10227.42,33,35,110,92.98
2022-06,1,33093.74,54,74,110,300.85
2022-06,2,23865.09,59,77,110,216.96
2022-06,3,27876.18,50,70,110,253.42
2022-06,4,26229.95,52,78,110,238.45
2022-06,5,19554.77,52,77,110,177.77
2022-06,6,14164.65,49,63,110,128.77
2022-06,7,23527.64,51,66,110,213.89
2022-06,8,21879.67,46,61,110,198.91
2022-06,9,18197.54,52,70,110,165.43
2022-06,10,18272.7,51,59,110,166.12
2022-06,11,19090.06,48,73,110,173.55
2022-06,12,27981.88,52,71,110,254.38
2022-06,13,25281.46,50,69,110,229.83
2022-06,14,21326.66,45,58,110,193.88
2022-06,15,13755.43,41,52,110,125.05
2022-06,16,30288.76,55,78,110,275.35
2022-06,17,26078.94,48,69,110,237.08
2022-06,18,19946.67,49,68,110,181.33
2022-06,19,23345.47,54,70,110,212.23
2022-06,20,16753.28,46,58,110,152.3
2022-06,21,20784.27,49,61,110,188.95
2022-06,22,22288.65,57,80,110,202.62
2022-06,23,19898.21,49,64,110,180.89
2022-06,24,17672.02,46,61,110,160.65
2022-06,25,20997.74,58,88,110,190.89
2022-06,26,19016.78,46,55,110,172.88
2022-06,27,31668.48,56,80,110,287.9
2022-06,28,23546.4,58,86,110,214.06
2022-06,29,33324.66,61,85,110,302.95
2022-06,30,26207.63,53,73,110,238.25
2022-06,31,21211.9,47,62,110,192.84
2022-06,32,21032.56,48,70,110,191.21
2022-06,33,27864.18,52,73,110,253.31
2022-06,34,22859.98,60,76,110,207.82
2022-06,35,32946.02,52,75,110,299.51
2022-06,36,19648.76,49,67,110,178.63
2022-06,37,17887.34,44,60,110,162.61
2022-06,38,22564.09,45,59,110,205.13
2022-06,39,23143.43,48,60,110,210.39
2022-06,40,26330.69,52,75,110,239.37
2022-06,41,23525.09,49,58,110,213.86
2022-06,42,15125.19,51,66,110,137.5
2022-07,0,8409.08,30,38,114,73.76
2022-07,1,16008.93,56,76,114,140.43
2022-07,2,15820.9,50,72,114,138.78
2022-07,3,14403.67,50,61,114,126.35
2022-07,4,18606.96,49,63,114,163.22
2022-07,5,28570.84,58,88,114,250.62
2022-07,6,12233.38,48,65,114,107.31
2022-07,7,21342.35,50,69,114,187.21
2022-07,8,23113.71,53,70,114,202.75
2022-07,9,19962.49,53,68,114,175.11
2022-07,10,18691.45,42,56,114,163.96
2022-07,11,12880.36,42,60,114,112.99
2022-07,12,17570.93,52,73,114,154.13
2022-07,13,13592.45,50,62,114,119.23
2022-07,14,22182.33,52,74,114,194.58
2022-07,15,18696.0,52,74,114,164.0
2022-07,16,16662.71,59,78,114,146.16
2022-07,17,18199.08,53,71,114,159.64
2022-07,18,12803.5,54,67,114,112.31
2022-07,19,13316.57,50,72,114,116.81
2022-07,20,13449.91,53,66,114,117.98
2022-07,21,14966.24,42,55,114,131.28
2022-07,22,17046.26,54,71,114,149.53
2022-07,23,22867.94,53,68,114,200.6
2022-07,24,16941.91,51,77,114,148.61
2022-07,25,19383.45,49,68,114,170.03
2022-07,26,14768.95,49,64,114,129.55
2022-07,27,20411.77,46,59,114,179.05
2022-07,28,17014.21,56,72,114,149.25
2022-07,29,19253.15,52,77,114,168.89
2022-07,30,19298.65,47,64,114,169.29
2022-07,31,21997.14,42,58,114,192.96
2022-07,32,16997.64,46,56,114,149.1
2022-07,33,21483.54,47,72,114,188.45
2022-07,34,12493.4,44,53,114,109.59
2022-07,35,17269.49,50,60,114,151.49
2022-07,36,15759.46,49,63,114,138.24
2022-07,37,10676.64,48,57,114,93.65
2022-07,38,21010.01,58,75,114,184.3
2022-07,39,21495.85,54,81,114,188.56
2022-07,40,9948.69,38,47,114,87.27
2022-07,41,11987.97,47,61,114,105.16
2022-08,0,7117.15,27,33,122,58.34
2022-08,1,20266.38,54,81,122,166.12
2022-08,2,18182.35,63,81,122,149.04
2022-08,3,10726.47,48,53,122,87.92
2022-08,4,17854.09,55,68,122,146.34
2022-08,5,28833.34,67,85,122,236.34
2022-08,6,19312.08,39,57,122,158.3
2022-08,7,18042.31,52,68,122,147.89
2022-08,8,29029.41,65,86,122,237.95
2022-08,9,16001.06,52,68,122,131.16
2022-08,10,11476.58,48,64,122,94.07
2022-08,11,16974.3,54,71,122,139.13
2022-08,12,20682.9,52,68,122,169.53
2022-08,13,16181.61,49,70,122,132.64
2022-08,14,16622.33,50,75,122,136.25
2022-08,15,20583.25,56,76,122,168.72
2022-08,16,21775.96,59,88,122,178.49
2022-08,17,22623.57,54,69,122,185.44
2022-08,18,21199.8,50,68,122,173.77
2022-08,19,19714.9,60,83,122,161.6
2022-08,20,18346.74,56,78,122,150.38
2022-08,21,21509.14,55,79,122,176.3
2022-08,22,17746.93,55,75,122,145.47
2022-08,23,20034.87,53,66,122,164.22
2022-08,24,17671.9,48,60,122,144.85
2022-08,25,19148.28,50,63,122,156.95
2022-08,26,14132.42,46,65,122,115.84
2022-08,27,12844.12,43,57,122,105.28
2022-08,28,20658.62,47,64,122,169.33
2022-08,29,18957.55,49,67,122,155.39
2022-08,30,12141.73,44,56,122,99.52
2022-08,31,18088.7,49,75,122,148.27
2022-08,32,27108.35,53,75,122,222.2
2022-08,33,15856.47,54,67,122,129.97
2022-08,34,17667.71,53,80,122,144.82
2022-08,35,20546.36,52,71,122,168.41
2022-08,36,27070.29,50,71,122,221.89
2022-08,37,15657.61,49,59,122,128.34
2022-08,38,12706.38,41,54,122,104.15
2022-08,39,22850.51,53,68,122,187.3
2022-08,40,15776.52,46,63,122,129.32
2022-09,0,6482.71,29,37,112,57.88
2022-09,1,14646.98,47,61,112,130.78
2022-09,2,13615.65,45,59,112,121.57
2022-09,3,13367.46,52,67,112,119.35
2022-09,4,14940.64,49,67,112,133.4
2022-09,5,10414.04,44,61,112,92.98
2022-09,6,13371.9,45,64,112,119.39
2022-09,7,11723.63,44,54,112,104.68
2022-09,8,13787.15,46,62,112,123.1
2022-09,9,6171.45,42,60,112,55.1
2022-09,10,6209.57,46,58,112,55.44
2022-09,11,12950.55,46,64,112,115.63
2022-09,12,17957.56,52,72,112,160.34
2022-09,13,17966.08,52,74,112,160.41
2022-09,14,18792.65,48,69,112,167.79
2022-09,15,17559.69,60,81,112,156.78
2022-09,16,15731.96,52,69,112,140.46
2022-09,17,12569.22,42,66,112,112.23
2022-09,18,9578.14,49,67,112,85.52
2022-09,19,18396.18,47,64,112,164.25
2022-09,20,17179.17,57,76,112,153.39
2022-09,21,9445.68,40,55,112,84.34
2022-09,22,18827.62,56,75,112,168.1
2022-09,23,10191.14,46,67,112,90.99
2022-09,24,16854.3,54,72,112,150.48
2022-09,25,14341.47,55,75,112,128.05
2022-09,26,12495.97,46,63,112,111.57
2022-09,27,12258.09,56,72,112,109.45
2022-09,28,19435.72,57,74,112,173.53
2022-09,29,12765.13,48,57,112,113.97
2022-09,30,16200.71,50,66,112,144.65
2022-09,31,17327.65,50,66,112,154.71
2022-09,32,20093.96,55,79,112,179.41
2022-09,33,13773.69,53,67,112,122.98
2022-09,34,17904.64,48,66,112,159.86
2022-09,35,15334.19,47,62,112,136.91
2022-09,36,14459.12,61,83,112,129.1
2022-09,37,13701.31,41,59,112,122.33
2022-09,38,22512.42,56,78,112,201.0
2022-09,39,13356.47,51,68,112,119.25
2022-10,0,13338.47,28,35,110,121.26
2022-10,1,20229.67,54,70,110,183.91
2022-10,2,22165.42,58,69,110,201.5
2022-10,3,28014.59,52,65,110,254.68
2022-10,4,19501.63,52,66,110,177.29
2022-10,5,18501.51,49,69,110,168.2
2022-10,6,18286.51,50,63,110,166.24
2022-10,7,13531.94,52,67,110,123.02
2022-10,8,11327.69,41,61,110,102.98
2022-10,9,11714.11,45,64,110,106.49
2022-10,10,16774.06,48,75,110,152.49
2022-10,11,24395.33,53,72,110,221.78
2022-10,12,19435.25,57,77,110,176.68
2022-10,13,20012.15,56,64,110,181.93
2022-10,14,14443.57,55,79,110,131.31
2022-10,15,10365.65,45,60,110,94.23
2022-10,16,10913.64,41,54,110,99.21
2022-10,17,23585.53,57,78,110,214.41
2022-10,18,11025.52,39,50,110,100.23
2022-10,19,20524.47,49,73,110,186.59
2022-10,20,12492.52,40,49,110,113.57
2022-10,21,16535.36,49,62,110,150.32
2022-10,22,17056.2,51,63,110,155.06
2022-10,23,19425.28,45,63,110,176.59
2022-10,24,16960.83,45,67,110,154.19
2022-10,25,22565.95,53,67,110,205.14
2022-10,26,23675.68,50,71,110,215.23
2022-10,27,20404.9,59,76,110,185.5
2022-10,28,19548.08,45,60,110,177.71
2022-10,29,23276.46,46,62,110,211.6
2022-10,30,17082.98,46,68,110,155.3
2022-10,31,15527.44,53,69,110,141.16
2022-10,32,12792.79,45,57,110,116.3
2022-10,33,18801.76,59,81,110,170.93
2022-10,34,15970.99,51,72,110,145.19
2022-10,35,17329.26,49,76,110,157.54
2022-10,36,14461.85,54,70,110,131.47
2022-10,37,21647.23,43,64,110,196.79
2022-10,38,19827.45,51,72,110,180.25
2022-11,0,10382.04,28,31,84,123.6
2022-11,1,15302.71,40,53,84,182.18
2022-11,2,16313.47,38,49,84,194.21
2022-11,3,11918.01,40,57,84,141.88
2022-11,4,13531.48,42,55,84,161.09
2022-11,5,13181.87,33,46,84,156.93
2022-11,6,19126.9,46,59,84,227.7
2022-11,7,11873.58,37,51,84,141.35
2022-11,8,12558.09,35,55,84,149.5
2022-11,9,5452.27,31,37,84,64.91
2022-11,10,14745.0,40,53,84,175.54
2022-11,11,15875.03,36,48,84,188.99
2022-11,12,8730.99,37,49,84,103.94
2022-11,13,21147.25,48,65,84,251.75
2022-11,14,17514.69,45,62,84,208.51
2022-11,15,7589.71,28,36,84,90.35
2022-11,16,8835.8,39,50,84,105.19
2022-11,17,11104.54,38,52,84,132.2
2022-11,18,12464.86,37,51,84,148.39
2022-11,19,12656.73,44,54,84,150.68
2022-11,20,11348.55,32,39,84,135.1
2022-11,21,18792.23,45,59,84,223.72
2022-11,22,9650.43,32,42,84,114.89
2022-11,23,9192.39,34,44,84,109.43
2022-11,24,10161.78,34,46,84,120.97
2022-11,25,10263.98,38,57,84,122.19
2022-11,26,14423.27,40,55,84,171.71
2022-11,27,12303.19,36,48,84,146.47
2022-11,28,9303.38,37,57,84,110.75
2022-11,29,11337.1,42,54,84,134.97
2022-11,30,11418.51,39,51,84,135.93
2022-11,31,14430.7,38,55,84,171.79
2022-11,32,9385.5,32,44,84,111.73
2022-11,33,10497.18,37,47,84,124.97
2022-11,34,11008.86,33,42,84,131.06
2022-11,35,8322.78,33,38,84,99.08
2022-11,36,9753.93,31,39,84,116.12
2022-11,37,12617.32,39,53,84,150.21
2022-12,0,8850.98,33,42,114,77.64
2022-12,1,23242.28,56,79,114,203.88
2022-12,2,15562.11,46,67,114,136.51
2022-12,3,24816.1,57,76,114,217.69
2022-12,4,18362.6,47,64,114,161.08
2022-12,5,18872.4,54,77,114,165.55
2022-12,6,15588.88,57,73,114,136.74
2022-12,7,22284.62,51,64,114,195.48
2022-12,8,19617.9,59,81,114,172.09
2022-12,9,23443.12,61,84,114,205.64
2022-12,10,19972.74,51,76,114,175.2
2022-12,11,22045.34,50,66,114,193.38
2022-12,12,15563.42,53,67,114,136.52
2022-12,13,21806.0,49,64,114,191.28
2022-12,14,25914.19,57,85,114,227.32
2022-12,15,25468.6,58,78,114,223.41
2022-12,16,15258.19,53,73,114,133.84
2022-12,17,17969.47,48,65,114,157.63
2022-12,18,24459.4,56,80,114,214.56
2022-12,19,9381.99,39,47,114,82.3
2022-12,20,27573.29,61,82,114,241.87
2022-12,21,22341.58,43,67,114,195.98
2022-12,22,18168.06,49,65,114,159.37
2022-12,23,27591.82,60,83,114,242.03
2022-12,24,22543.04,49,64,114,197.75
2022-12,25,19494.2,54,68,114,171.0
2022-12,26,8936.7,36,45,114,78.39
2022-12,27,16880.69,46,57,114,148.08
2022-12,28,16175.87,47,61,114,141.89
2022-12,29,19909.63,48,64,114,174.65
2022-12,30,18882.9,53,70,114,165.64
2022-12,31,20071.47,54,74,114,176.07
2022-12,32,17270.74,50,71,114,151.5
2022-12,33,19091.68,48,74,114,167.47
2022-12,34,21072.75,57,70,114,184.85
2022-12,35,18620.18,57,71,114,163.33
2022-12,36,18565.74,37,50,114,162.86
2023-01,0,8072.48,31,36,106,76.16
2023-01,1,21076.05,48,65,106,198.83
2023-01,2,22674.43,57,80,106,213.91
2023-01,3,23584.1,53,71,106,222.49
2023-01,4,22021.34,48,60,106,207.75
2023-01,5,23384.43,49,69,106,220.61
2023-01,6,24524.11,53,71,106,231.36
2023-01,7,15534.78,49,62,106,146.55
2023-01,8,25460.72,46,57,106,240.2
2023-01,9,10662.77,47,59,106,100.59
2023-01,10,23564.07,52,73,106,222.3
2023-01,11,24356.77,57,82,106,229.78
2023-01,12,22125.91,46,63,106,208.74
2023-01,13,21013.31,44,66,106,198.24
2023-01,14,17940.0,48,61,106,169.25
2023-01,15,19463.12,46,58,106,183.61
2023-01,16,16848.34,43,53,106,158.95
2023-01,17,26393.82,55,78,106,249.0
2023-01,18,26230.6,47,62,106,247.46
2023-01,19,16645.15,42,52,106,157.03
2023-01,20,17287.49,38,57,106,163.09
2023-01,21,18080.14,52,73,106,170.57
2023-01,22,20086.0,48,66,106,189.49
2023-01,23,12971.36,41,53,106,122.37
2023-01,24,20502.72,40,56,106,193.42
2023-01,25,15490.34,42,56,106,146.14
2023-01,26,17414.77,41,57,106,164.29
2023-01,27,23733.07,52,73,106,223.9
2023-01,28,23103.58,49,68,106,217.96
2023-01,29,18216.78,40,52,106,171.86
2023-01,30,20034.75,40,61,106,189.01
2023-01,31,18765.91,43,61,106,177.04
2023-01,32,17084.84,48,58,106,161.18
2023-01,33,16314.43,47,62,106,153.91
2023-01,34,18516.83,35,47,106,174.69
2023-01,35,12289.83,34,43,106,115.94
2023-02,0,7437.62,28,31,101,73.64
2023-02,1,21465.08,45,59,101,212.53
2023-02,2,20223.96,37,54,101,200.24
2023-02,3,25138.17,49,68,101,248.89
2023-02,4,18707.56,46,61,101,185.22
2023-02,5,17316.29,45,64,101,171.45
2023-02,6,20053.55,42,60,101,198.55
2023-02,7,16387.23,36,51,101,162.25
2023-02,8,21877.57,44,64,101,216.61
2023-02,9,23712.86,51,72,101,234.78
2023-02,10,21636.93,48,63,101,214.23
2023-02,11,17338.32,40,55,101,171.67
2023-02,12,15929.33,39,53,101,157.72
2023-02,13,28256.68,48,72,101,279.77
2023-02,14,16529.47,44,59,101,163.66
2023-02,15,23082.18,53,69,101,228.54
2023-02,16,19537.99,46,57,101,193.45
2023-02,17,23455.88,48,63,101,232.24
2023-02,18,13623.95,41,58,101,134.89
2023-02,19,14487.34,45,53,101,143.44
2023-02,20,23602.54,42,55,101,233.69
2023-02,21,18174.63,46,62,101,179.95
2023-02,22,14252.62,40,62,101,141.12
2023-02,23,14650.38,41,53,101,145.05
2023-02,24,18035.3,42,60,101,178.57
2023-02,25,16202.39,44,56,101,160.42
2023-02,26,20890.9,47,61,101,206.84
2023-02,27,11987.84,39,51,101,118.69
2023-02,28,17025.21,43,54,101,168.57
2023-02,29,23238.34,51,70,101,230.08
2023-02,30,20266.15,41,49,101,200.65
2023-02,31,20622.01,57,73,101,204.18
2023-02,32,20206.38,45,58,101,200.06
2023-02,33,23866.52,50,70,101,236.3
2023-02,34,24087.73,58,71,101,238.49
2023-03,0,12392.88,32,39,113,109.67
2023-03,1,22117.73,56,69,113,195.73
2023-03,2,17921.31,47,62,113,158.6
2023-03,3,23890.34,55,71,113,211.42
2023-03,4,22173.74,55,80,113,196.23
2023-03,5,20018.81,54,71,113,177.16
2023-03,6,19443.75,51,67,113,172.07
2023-03,7,21150.27,52,71,113,187.17
2023-03,8,17647.75,51,72,113,156.17
2023-03,9,15276.68,53,74,113,135.19
2023-03,10,20221.07,43,60,113,178.95
2023-03,11,17333.67,53,69,113,153.4
2023-03,12,24664.07,52,72,113,218.27
2023-03,13,19504.05,55,78,113,172.6
2023-03,14,10807.57,42,54,113,95.64
2023-03,15,14291.37,47,67,113,126.47
2023-03,16,15612.09,45,58,113,138.16
2023-03,17,23658.46,47,71,113,209.37
2023-03,18,16396.63,44,54,113,145.1
2023-03,19,18286.17,61,76,113,161.82
2023-03,20,19242.24,46,65,113,170.29
2023-03,21,23389.09,55,81,113,206.98
2023-03,22,18997.89,56,82,113,168.12
2023-03,23,14261.31,41,53,113,126.21
2023-03,24,19204.74,46,72,113,169.95
2023-03,25,13815.04,50,64,113,122.26
2023-03,26,17100.21,46,64,113,151.33
2023-03,27,18582.2,48,59,113,164.44
2023-03,28,17001.47,49,62,113,150.46
2023-03,29,13953.32,49,65,113,123.48
2023-03,30,12922.89,41,62,113,114.36
2023-03,31,16320.59,45,61,113,144.43
2023-03,32,18263.99,46,62,113,161.63
2023-03,33,15111.23,44,59,113,133.73
2023-04,0,7215.73,34,40,118,61.15
2023-04,1,28095.16,62,85,118,238.09
2023-04,2,23033.8,54,71,118,195.2
2023-04,3,20495.52,50,59,118,173.69
2023-04,4,25759.74,58,86,118,218.3
2023-04,5,20940.99,51,69,118,177.47
2023-04,6,18484.74,45,59,118,156.65
2023-04,7,24992.71,50,68,118,211.8
2023-04,8,18986.95,53,64,118,160.91
2023-04,9,25586.14,57,74,118,216.83
2023-04,10,19257.44,50,79,118,163.2
2023-04,11,31207.7,56,78,118,264.47
2023-04,12,28464.41,53,68,118,241.22
2023-04,13,19584.62,47,67,118,165.97
2023-04,14,21675.52,57,79,118,183.69
2023-04,15,22987.01,52,76,118,194.81
2023-04,16,29974.11,56,83,118,254.02
2023-04,17,15441.53,40,53,118,130.86
2023-04,18,20449.27,52,71,118,173.3
2023-04,19,23544.24,54,71,118,199.53
2023-04,20,32980.77,57,84,118,279.5
2023-04,21,25397.95,57,77,118,215.24
2023-04,22,15650.57,46,64,118,132.63
2023-04,23,23537.8,53,70,118,199.47
2023-04,24,20839.94,57,68,118,176.61
2023-04,25,13883.91,38,52,118,117.66
2023-04,26,23068.32,54,66,118,195.49
2023-04,27,25665.28,63,79,118,217.5
2023-04,28,23353.38,54,75,118,197.91
2023-04,29,31336.42,62,92,118,265.56
2023-04,30,18284.39,48,66,118,154.95
2023-04,31,19383.87,53,66,118,164.27
2023-04,32,30467.83,56,80,118,258.2
2023-05,0,10051.52,25,32,96,104.7
2023-05,1,17852.79,42,61,96,185.97
2023-05,2,17460.26,45,60,96,181.88
2023-05,3,12890.46,48,61,96,134.28
2023-05,4,18881.16,45,62,96,196.68
2023-05,5,13456.82,47,61,96,140.18
2023-05,6,18074.71,47,62,96,188.28
2023-05,7,8654.22,40,60,96,90.15
2023-05,8,14857.07,46,55,96,154.76
2023-05,9,13915.98,39,50,96,144.96
2023-05,10,13372.54,39,51,96,139.3
2023-05,11,20027.17,43,59,96,208.62
2023-05,12,13017.29,43,61,96,135.6
2023-05,13,13692.4,42,66,96,142.63
2023-05,14,26173.27,58,83,96,272.64
2023-05,15,15412.12,46,66,96,160.54
2023-05,16,12582.8,46,66,96,131.07
2023-05,17,11036.76,49,68,96,114.97
2023-05,18,15729.7,46,53,96,163.85
2023-05,19,14376.93,40,54,96,149.76
2023-05,20,18494.39,50,68,96,192.65
2023-05,21,9510.96,35,46,96,99.07
2023-05,22,14569.73,43,56,96,151.77
2023-05,23,19702.35,46,65,96,205.23
2023-05,24,18206.65,44,60,96,189.65
2023-05,25,9314.6,32,43,96,97.03
2023-05,26,14498.91,39,49,96,151.03
2023-05,27,13694.43,38,53,96,142.65
2023-05,28,19794.34,46,63,96,206.19
2023-05,29,13658.26,43,60,96,142.27
2023-05,30,9191.88,36,44,96,95.75
2023-05,31,18265.07,45,62,96,190.26
2023-06,0,9148.07,29,37,101,90.57
2023-06,1,9053.33,50,59,101,89.64
2023-06,2,15978.89,52,69,101,158.21
2023-06,3,21392.91,53,69,101,211.81
2023-06,4,16046.04,54,71,101,158.87
2023-06,5,19380.04,56,74,101,191.88
2023-06,6,13444.86,53,66,101,133.12
2023-06,7,25574.7,46,70,101,253.21
2023-06,8,21527.11,57,83,101,213.14
2023-06,9,16380.65,45,55,101,162.18
2023-06,10,12334.92,45,59,101,122.13
2023-06,11,15842.31,54,83,101,156.85
2023-06,12,15474.44,44,53,101,153.21
2023-06,13,8653.08,46,62,101,85.67
2023-06,14,14755.82,43,64,101,146.1
2023-06,15,16630.94,49,67,101,164.66
2023-06,16,17238.12,49,66,101,170.67
2023-06,17,14474.05,47,61,101,143.31
2023-06,18,15527.98,41,57,101,153.74
2023-06,19,13466.69,40,59,101,133.33
2023-06,20,15522.39,42,59,101,153.69
2023-06,21,13596.11,44,57,101,134.61
2023-06,22,12007.7,35,46,101,118.89
2023-06,23,14074.32,46,65,101,139.35
2023-06,24,15139.43,44,58,101,149.9
2023-06,25,16966.88,41,54,101,167.99
2023-06,26,14181.9,46,62,101,140.41
2023-06,27,18260.67,37,55,101,180.8
2023-06,28,14002.44,45,64,101,138.64
2023-06,29,19924.77,42,55,101,197.27
2023-06,30,14479.61,41,59,101,143.36
2023-07,0,10327.25,28,36,107,96.52
2023-07,1,15524.91,49,61,107,145.09
2023-07,2,19992.94,56,79,107,186.85
2023-07,3,19966.05,53,72,107,186.6
2023-07,4,15936.27,40,56,107,148.94
2023-07,5,18928.75,53,67,107,176.9
2023-07,6,14866.59,51,71,107,138.94
2023-07,7,16989.36,43,59,107,158.78
2023-07,8,13724.77,41,56,107,128.27
2023-07,9,13879.36,52,67,107,129.71
2023-07,10,12703.35,45,58,107,118.72
2023-07,11,12698.51,41,60,107,118.68
2023-07,12,13566.21,51,63,107,126.79
2023-07,13,16758.93,38,52,107,156.63
2023-07,14,16140.87,44,58,107,150.85
2023-07,15,16330.0,40,51,107,152.62
2023-07,16,14529.24,39,55,107,135.79
2023-07,17,24190.99,48,69,107,226.08
2023-07,18,18971.09,39,52,107,177.3
2023-07,19,17221.99,40,52,107,160.95
2023-07,20,10612.29,35,47,107,99.18
2023-07,21,17329.86,48,66,107,161.96
2023-07,22,21418.81,47,66,107,200.18
2023-07,23,17551.2,44,54,107,164.03
2023-07,24,11710.4,38,52,107,109.44
2023-07,25,15041.87,40,58,107,140.58
2023-07,26,12774.75,34,42,107,119.39
2023-07,27,17854.41,46,63,107,166.86
2023-07,28,12649.16,36,47,107,118.22
2023-07,29,11659.98,37,50,107,108.97
2023-08,0,12347.87,29,37,116,106.45
2023-08,1,22861.38,57,74,116,197.08
2023-08,2,17557.39,48,61,116,151.36
2023-08,3,21082.64,48,66,116,181.75
2023-08,4,14992.5,48,55,116,129.25
2023-08,5,14225.1,55,63,116,122.63
2023-08,6,15879.12,45,65,116,136.89
2023-08,7,8723.36,48,61,116,75.2
2023-08,8,23248.38,61,86,116,200.42
2023-08,9,16645.32,57,76,116,143.49
2023-08,10,19860.75,62,82,116,171.21
2023-08,11,19492.64,62,84,116,168.04
2023-08,12,21699.05,59,70,116,187.06
2023-08,13,19391.23,51,64,116,167.17
2023-08,14,15074.93,58,76,116,129.96
2023-08,15,17989.75,51,64,116,155.08
2023-08,16,18654.39,56,76,116,160.81
2023-08,17,18299.71,54,75,116,157.76
2023-08,18,7929.5,43,58,116,68.36
2023-08,19,23382.91,48,65,116,201.58
2023-08,20,14489.96,51,69,116,124.91
2023-08,21,22272.75,53,68,116,192.01
2023-08,22,12443.22,41,52,116,107.27
2023-08,23,14398.81,48,67,116,124.13
2023-08,24,13971.77,45,65,116,120.45
2023-08,25,15979.29,48,60,116,137.75
2023-08,26,22039.27,51,68,116,189.99
2023-08,27,17842.96,41,62,116,153.82
2023-08,28,13862.51,44,55,116,119.5
2023-09,0,10846.27,23,30,103,105.3
2023-09,1,24515.6,46,59,103,238.02
2023-09,2,16753.4,44,62,103,162.65
2023-09,3,16260.57,49,64,103,157.87
2023-09,4,13088.59,49,63,103,127.07
2023-09,5,19677.32,47,60,103,191.04
2023-09,6,15133.26,58,75,103,146.92
2023-09,7,20803.42,43,67,103,201.97
2023-09,8,8293.22,36,51,103,80.52
2023-09,9,9386.38,42,61,103,91.13
2023-09,10,15571.45,38,53,103,151.18
2023-09,11,14775.42,44,58,103,143.45
2023-09,12,22529.74,50,75,103,218.74
2023-09,13,16369.99,42,60,103,158.93
2023-09,14,13454.88,44,60,103,130.63
2023-09,15,12453.5,46,60,103,120.91
2023-09,16,13740.49,48,63,103,133.4
2023-09,17,14579.33,43,55,103,141.55
2023-09,18,19299.55,37,59,103,187.37
2023-09,19,11276.41,35,48,103,109.48
2023-09,20,15720.25,43,52,103,152.62
2023-09,21,10057.59,44,57,103,97.65
2023-09,22,22214.32,45,68,103,215.67
2023-09,23,11926.99,46,58,103,115.8
2023-09,24,9394.2,33,39,103,91.21
2023-09,25,15653.03,48,61,103,151.97
2023-09,26,11631.57,36,44,103,112.93
2023-09,27,11311.6,38,50,103,109.82
2023-10,0,19957.48,47,64,128,155.92
2023-10,1,25672.65,68,81,128,200.57
2023-10,2,25984.64,73,90,128,203.0
2023-10,3,18713.78,57,79,128,146.2
2023-10,4,18209.34,57,71,128,142.26
2023-10,5,26330.45,65,90,128,205.71
2023-10,6,23928.31,65,92,128,186.94
2023-10,7,25981.05,66,93,128,202.98
2023-10,8,22583.69,59,77,128,176.44
2023-10,9,16778.78,55,70,128,131.08
2023-10,10,22153.76,56,73,128,173.08
2023-10,11,18732.88,71,89,128,146.35
2023-10,12,19098.09,54,73,128,149.2
2023-10,13,13839.27,57,82,128,108.12
2023-10,14,21927.3,58,75,128,171.31
2023-10,15,27129.04,61,81,128,211.95
2023-10,16,22663.89,57,78,128,177.06
2023-10,17,16167.86,50,66,128,126.31
2023-10,18,19107.87,56,77,128,149.28
2023-10,19,21664.06,63,82,128,169.25
2023-10,20,22197.19,52,65,128,173.42
2023-10,21,20947.07,48,65,128,163.65
2023-10,22,24520.41,53,72,128,191.57
2023-10,23,14136.3,45,61,128,110.44
2023-10,24,16659.59,46,54,128,130.15
2023-10,25,28237.08,54,77,128,220.6
2023-10,26,13111.43,49,65,128,102.43
2023-11,0,10411.9,31,35,98,106.24
2023-11,1,8718.4,39,52,98,88.96
2023-11,2,18984.44,44,65,98,193.72
2023-11,3,14826.59,40,56,98,151.29
2023-11,4,15802.26,45,63,98,161.25
2023-11,5,10792.75,43,49,98,110.13
2023-11,6,18310.46,44,65,98,186.84
2023-11,7,14068.56,44,58,98,143.56
2023-11,8,18010.96,38,48,98,183.79
2023-11,9,21229.59,45,59,98,216.63
2023-11,10,13567.65,43,57,98,138.45
2023-11,11,12454.25,40,53,98,127.08
2023-11,12,20574.36,47,69,98,209.94
2023-11,13,13153.44,44,60,98,134.22
2023-11,14,18421.46,52,65,98,187.97
2023-11,15,17060.59,38,55,98,174.09
2023-11,16,11235.42,39,51,98,114.65
2023-11,17,21156.73,50,68,98,215.88
2023-11,18,11901.12,44,54,98,121.44
2023-11,19,11045.62,38,52,98,112.71
2023-11,20,14669.55,45,59,98,149.69
2023-11,21,19787.17,49,70,98,201.91
2023-11,22,11953.18,39,54,98,121.97
2023-11,23,21072.35,48,73,98,215.02
2023-11,24,9777.92,37,52,98,99.77
2023-11,25,18856.7,43,57,98,192.42
2023-12,0,5525.22,20,25,116,47.63
2023-12,1,17171.34,63,80,116,148.03
2023-12,2,20111.28,61,78,116,173.37
2023-12,3,24742.21,51,74,116,213.29
2023-12,4,21344.72,53,74,116,184.01
2023-12,5,19650.09,55,77,116,169.4
2023-12,6,24550.68,51,71,116,211.64
2023-12,7,23405.45,53,75,116,201.77
2023-12,8,23836.66,52,71,116,205.49
2023-12,9,16162.39,45,57,116,139.33
2023-12,10,18742.95,51,65,116,161.58
2023-12,11,18431.17,45,57,116,158.89
2023-12,12,22609.75,52,68,116,194.91
2023-12,13,20949.41,47,68,116,180.6
2023-12,14,22754.18,34,51,116,196.16
2023-12,15,15324.4,49,65,116,132.11
2023-12,16,21006.25,43,59,116,181.09
2023-12,17,15503.49,44,58,116,133.65
2023-12,18,17087.28,43,56,116,147.3
2023-12,19,24970.76,59,88,116,215.27
2023-12,20,14017.96,50,62,116,120.84
2023-12,21,12302.69,41,56,116,106.06
2023-12,22,20389.62,53,70,116,175.77
2023-12,23,20015.63,45,59,116,172.55
2023-12,24,20066.27,50,74,116,172.99
2024-01,0,5282.89,26,27,118,44.77
2024-01,1,11210.49,42,60,118,95.0
2024-01,2,16519.14,56,74,118,139.99
2024-01,3,15601.31,49,68,118,132.21
2024-01,4,16233.54,67,82,118,137.57
2024-01,5,15101.08,56,70,118,127.98
2024-01,6,15522.71,57,80,118,131.55
2024-01,7,14945.73,48,69,118,126.66
2024-01,8,14034.07,52,64,118,118.93
2024-01,9,12644.89,48,61,118,107.16
2024-01,10,13506.13,53,65,118,114.46
2024-01,11,18543.01,56,83,118,157.14
2024-01,12,21459.2,59,83,118,181.86
2024-01,13,12721.65,51,70,118,107.81
2024-01,14,16194.01,43,61,118,137.24
2024-01,15,17079.66,58,71,118,144.74
2024-01,16,16991.49,47,64,118,144.0
2024-01,17,13644.61,42,53,118,115.63
2024-01,18,16490.93,47,55,118,139.75
2024-01,19,14895.3,52,65,118,126.23
2024-01,20,12123.55,50,65,118,102.74
2024-01,21,15610.1,50,70,118,132.29
2024-01,22,12111.31,45,59,118,102.64
2024-01,23,13731.85,51,65,118,116.37
2024-02,0,8588.81,32,36,100,85.89
2024-02,1,19471.12,47,63,100,194.71
2024-02,2,14983.05,45,61,100,149.83
2024-02,3,21209.36,48,66,100,212.09
2024-02,4,13761.8,47,70,100,137.62
2024-02,5,25323.84,47,61,100,253.24
2024-02,6,7128.87,36,53,100,71.29
2024-02,7,9998.78,40,55,100,99.99
2024-02,8,14994.79,41,59,100,149.95
2024-02,9,13295.59,37,48,100,132.96
2024-02,10,11728.14,44,54,100,117.28
2024-02,11,18680.97,38,50,100,186.81
2024-02,12,11496.01,39,49,100,114.96
2024-02,13,19337.13,48,67,100,193.37
2024-02,14,13548.07,47,62,100,135.48
2024-02,15,16263.72,43,61,100,162.64
2024-02,16,11426.12,40,54,100,114.26
2024-02,17,9655.63,40,52,100,96.56
2024-02,18,14819.25,41,55,100,148.19
2024-02,19,13030.25,39,53,100,130.3
2024-02,20,24720.14,42,66,100,247.2
2024-02,21,9283.96,31,41,100,92.84
2024-02,22,15017.09,45,55,100,150.17
2024-03,0,13806.47,33,38,105,131.49
2024-03,1,21520.66,43,64,105,204.96
2024-03,2,22020.97,55,76,105,209.72
2024-03,3,16762.29,45,60,105,159.64
2024-03,4,19938.42,47,71,105,189.89
2024-03,5,20797.19,53,67,105,198.07
2024-03,6,11047.84,41,50,105,105.22
2024-03,7,13422.08,47,57,105,127.83
2024-03,8,22311.61,45,66,105,212.49
2024-03,9,21020.25,45,62,105,200.19
2024-03,10,14067.57,38,58,105,133.98
2024-03,11,16285.1,51,66,105,155.1
2024-03,12,20011.45,50,69,105,190.59
2024-03,13,17103.03,46,68,105,162.89
2024-03,14,14643.05,43,59,105,139.46
2024-03,15,16295.13,46,65,105,155.19
2024-03,16,18936.76,48,67,105,180.35
2024-03,17,17730.73,50,72,105,168.86
2024-03,18,14177.36,44,54,105,135.02
2024-03,19,15580.28,44,62,105,148.38
2024-03,20,15286.26,46,66,105,145.58
2024-03,21,19654.72,43,62,105,187.19
2024-04,0,10600.06,29,37,96,110.42
2024-04,1,10628.8,40,61,96,110.72
2024-04,2,20720.27,44,68,96,215.84
2024-04,3,15498.25,49,66,96,161.44
2024-04,4,10376.65,36,50,96,108.09
2024-04,5,14928.08,45,55,96,155.5
2024-04,6,9859.69,38,53,96,102.71
2024-04,7,6657.88,46,57,96,69.35
2024-04,8,12654.9,37,51,96,131.82
2024-04,9,16995.04,49,68,96,177.03
2024-04,10,9360.26,43,49,96,97.5
2024-04,11,10145.37,35,51,96,105.68
2024-04,12,8138.72,36,45,96,84.78
2024-04,13,15431.76,40,53,96,160.75
2024-04,14,13046.42,39,62,96,135.9
2024-04,15,11574.38,37,54,96,120.57
2024-04,16,15700.81,40,58,96,163.55
2024-04,17,14404.42,42,61,96,150.05
2024-04,18,8436.54,39,53,96,87.88
2024-04,19,7829.07,35,45,96,81.55
2024-04,20,8960.83,41,51,96,93.34
2024-05,0,12763.0,31,42,107,119.28
2024-05,1,23819.07,52,70,107,222.61
2024-05,2,15373.09,47,64,107,143.67
2024-05,3,23469.92,49,70,107,219.35
2024-05,4,23706.07,51,75,107,221.55
2024-05,5,17223.05,42,57,107,160.96
2024-05,6,23704.96,56,76,107,221.54
2024-05,7,20923.03,53,76,107,195.54
2024-05,8,22431.05,54,79,107,209.64
2024-05,9,15238.57,40,48,107,142.42
2024-05,10,18508.23,52,70,107,172.97
2024-05,11,16935.24,45,55,107,158.27
2024-05,12,15608.13,47,62,107,145.87
2024-05,13,23345.09,54,75,107,218.18
2024-05,14,18335.34,45,61,107,171.36
2024-05,15,15938.83,43,56,107,148.96
2024-05,16,17401.09,49,67,107,162.63
2024-05,17,21479.92,46,68,107,200.75
2024-05,18,22035.19,43,58,107,205.94
2024-05,19,14153.12,37,52,107,132.27
2024-06,0,9916.77,23,31,100,99.17
2024-06,1,16087.23,40,54,100,160.87
2024-06,2,21551.31,48,69,100,215.51
2024-06,3,24510.51,46,58,100,245.11
2024-06,4,20746.41,52,72,100,207.46
2024-06,5,20746.04,45,52,100,207.46
2024-06,6,19929.69,50,67,100,199.3
2024-06,7,21600.09,51,73,100,216.0
2024-06,8,10885.07,33,42,100,108.85
2024-06,9,19105.23,47,60,100,191.05
2024-06,10,17506.11,42,56,100,175.06
2024-06,11,25843.42,60,83,100,258.43
2024-06,12,9738.97,43,54,100,97.39
2024-06,13,19357.04,48,62,100,193.57
2024-06,14,23438.06,53,84,100,234.38
2024-06,15,26556.38,47,71,100,265.56
2024-06,16,16343.42,42,55,100,163.43
2024-06,17,9611.51,33,42,100,96.12
2024-06,18,17292.52,41,54,100,172.93
2024-07,0,4083.11,17,22,96,42.53
2024-07,1,16341.76,50,66,96,170.23
2024-07,2,9859.77,47,60,96,102.71
2024-07,3,15908.69,47,64,96,165.72
2024-07,4,10682.73,46,59,96,111.28
2024-07,5,8165.84,43,55,96,85.06
2024-07,6,10693.87,45,59,96,111.39
2024-07,7,10918.53,35,43,96,113.73
2024-07,8,14278.73,43,62,96,148.74
2024-07,9,10699.85,37,47,96,111.46
2024-07,10,13840.95,43,56,96,144.18
2024-07,11,14919.32,40,51,96,155.41
2024-07,12,14213.69,40,48,96,148.06
2024-07,13,10217.73,42,50,96,106.43
2024-07,14,9443.63,37,48,96,98.37
2024-07,15,15137.04,47,65,96,157.68
2024-07,16,20119.21,40,53,96,209.58
2024-07,17,7797.29,32,38,96,81.22
2024-08,0,11324.88,29,36,90,125.83
2024-08,1,17831.3,41,54,90,198.13
2024-08,2,13137.28,41,51,90,145.97
2024-08,3,20855.2,38,50,90,231.72
2024-08,4,13494.05,37,47,90,149.93
2024-08,5,12022.34,47,64,90,133.58
2024-08,6,8215.13,41,53,90,91.28
2024-08,7,14765.33,38,57,90,164.06
2024-08,8,9382.07,37,49,90,104.25
2024-08,9,13148.72,45,67,90,146.1
2024-08,10,13077.8,36,43,90,145.31
2024-08,11,12720.66,37,51,90,141.34
2024-08,12,12996.92,46,57,90,144.41
2024-08,13,15535.9,42,54,90,172.62
2024-08,14,9640.86,43,56,90,107.12
2024-08,15,15669.43,35,47,90,174.1
2024-08,16,12460.9,40,53,90,138.45
2024-09,0,5294.47,22,25,84,63.03
2024-09,1,9366.58,36,50,84,111.51
2024-09,2,9559.18,40,54,84,113.8
2024-09,3,10919.87,35,47,84,130.0
2024-09,4,10345.43,38,43,84,123.16
2024-09,5,11995.07,40,57,84,142.8
2024-09,6,10237.2,35,46,84,121.87
2024-09,7,12983.5,42,55,84,154.57
2024-09,8,11683.29,37,49,84,139.09
2024-09,9,9276.74,35,47,84,110.44
2024-09,10,18082.69,45,63,84,215.27
2024-09,11,10547.01,26,36,84,125.56
2024-09,12,12500.59,31,44,84,148.82
2024-09,13,12299.59,32,50,84,146.42
2024-09,14,10780.76,35,43,84,128.34
2024-09,15,13870.55,37,49,84,165.13
2024-10,0,3879.2,25,30,105,36.94
2024-10,1,10148.18,47,63,105,96.65
2024-10,2,12957.33,47,62,105,123.4
2024-10,3,8481.4,38,50,105,80.78
2024-10,4,9431.08,40,60,105,89.82
2024-10,5,12000.79,46,64,105,114.29
2024-10,6,12369.64,51,64,105,117.81
2024-10,7,15300.58,47,62,105,145.72
2024-10,8,14623.79,43,58,105,139.27
2024-10,9,9329.45,46,61,105,88.85
2024-10,10,15593.71,43,60,105,148.51
2024-10,11,14745.15,47,69,105,140.43
2024-10,12,9102.65,40,54,105,86.69
2024-10,13,12768.97,47,62,105,121.61
2024-10,14,14024.92,45,65,105,133.57
2024-11,0,8150.0,29,34,111,73.42
2024-11,1,23135.32,53,81,111,208.43
2024-11,2,21837.04,56,79,111,196.73
2024-11,3,18323.52,52,66,111,165.08
2024-11,4,19381.6,52,83,111,174.61
2024-11,5,28973.85,53,72,111,261.03
2024-11,6,18777.75,43,61,111,169.17
2024-11,7,20174.16,48,68,111,181.75
2024-11,8,15167.92,47,59,111,136.65
2024-11,9,19377.6,45,56,111,174.57
2024-11,10,16241.96,47,63,111,146.32
2024-11,11,14924.82,50,63,111,134.46
2024-11,12,21132.31,42,68,111,190.38
2024-11,13,16970.23,37,50,111,152.88
2024-12,0,16711.01,45,56,134,124.71
2024-12,1,28861.47,70,103,134,215.38
2024-12,2,23494.0,60,75,134,175.33
2024-12,3,19216.8,58,77,134,143.41
2024-12,4,19139.6,60,86,134,142.83
2024-12,5,25237.61,63,92,134,188.34
2024-12,6,22961.54,59,78,134,171.35
2024-12,7,18816.45,57,75,134,140.42
2024-12,8,14624.79,50,66,134,109.14
2024-12,9,16262.1,48,65,134,121.36
2024-12,10,19049.54,54,75,134,142.16
2024-12,11,26493.37,56,73,134,197.71
2024-12,12,18270.89,43,61,134,136.35
2025-01,0,8054.64,31,37,114,70.65
2025-01,1,20358.63,55,78,114,178.58
2025-01,2,15862.31,55,75,114,139.14
2025-01,3,30149.44,57,78,114,264.47
2025-01,4,17509.83,49,61,114,153.6
2025-01,5,16554.4,55,76,114,145.21
2025-01,6,27123.88,62,91,114,237.93
2025-01,7,21965.52,58,83,114,192.68
2025-01,8,16805.55,45,61,114,147.42
2025-01,9,20874.83,57,72,114,183.11
2025-01,10,22580.96,51,70,114,198.08
2025-01,11,15548.91,44,57,114,136.39
2025-02,0,6594.6,28,32,100,65.95
2025-02,1,18498.64,46,68,100,184.99
2025-02,2,17273.56,53,70,100,172.74
2025-02,3,10272.73,42,55,100,102.73
2025-02,4,18108.75,43,61,100,181.09
2025-02,5,15306.99,44,57,100,153.07
2025-02,6,16790.02,39,54,100,167.9
2025-02,7,15393.53,43,60,100,153.94
2025-02,8,7736.93,27,35,100,77.37
2025-02,9,18184.68,42,62,100,181.85
2025-02,10,11082.95,31,43,100,110.83
2025-03,0,8747.68,18,23,87,100.55
2025-03,1,16388.25,40,56,87,188.37
2025-03,2,15442.31,37,53,87,177.5
2025-03,3,14246.97,42,53,87,163.76
2025-03,4,12830.68,38,51,87,147.48
2025-03,5,15945.76,37,47,87,183.28
2025-03,6,8112.55,31,42,87,93.25
2025-03,7,14111.85,31,37,87,162.21
2025-03,8,8129.21,33,41,87,93.44
2025-03,9,15168.71,42,59,87,174.35
2025-04,0,7149.09,25,31,115,62.17
2025-04,1,22102.41,57,75,115,192.19
2025-04,2,22637.75,54,75,115,196.85
2025-04,3,16159.26,56,77,115,140.52
2025-04,4,19071.78,50,66,115,165.84
2025-04,5,16618.09,54,72,115,144.51
2025-04,6,19252.08,58,70,115,167.41
2025-04,7,26196.32,48,69,115,227.79
2025-04,8,20471.8,48,63,115,178.02
2025-05,0,17851.91,42,52,110,162.29
2025-05,1,18354.75,53,66,110,166.86
2025-05,2,17543.05,47,66,110,159.48
2025-05,3,21808.38,43,64,110,198.26
2025-05,4,18432.79,44,66,110,167.57
2025-05,5,17386.16,43,59,110,158.06
2025-05,6,19488.53,44,64,110,177.17
2025-05,7,10830.1,37,46,110,98.46
2025-06,0,6100.16,27,29,88,69.32
2025-06,1,15042.03,48,64,88,170.93
2025-06,2,13532.71,45,59,88,153.78
2025-06,3,16791.81,39,57,88,190.82
2025-06,4,13786.32,46,61,88,156.66
2025-06,5,14182.12,38,56,88,161.16
2025-06,6,10044.28,30,37,88,114.14
2025-07,0,9449.4,26,36,88,107.38
2025-07,1,16315.65,47,67,88,185.41
2025-07,2,9495.55,37,45,88,107.9
2025-07,3,6458.51,30,43,88,73.39
2025-07,4,10590.06,41,52,88,120.34
2025-07,5,14452.52,36,54,88,164.23
2025-08,0,8067.68,46,51,134,60.21
2025-08,1,16731.58,74,103,134,124.86
2025-08,2,22496.55,75,114,134,167.88
2025-08,3,17861.42,65,86,134,133.29
2025-08,4,18826.03,55,80,134,140.49
2025-09,0,10668.97,26,33,94,113.5
2025-09,1,16729.49,54,78,94,177.97
2025-09,2,21225.44,52,80,94,225.8
2025-09,3,15966.27,42,57,94,169.85
2025-10,0,11178.41,39,50,120,93.15
2025-10,1,21406.79,73,101,120,178.39
2025-10,2,18954.13,52,71,120,157.95
2025-11,0,13874.88,39,48,115,120.65
2025-11,1,29348.79,84,120,115,255.21
